trial_number,value,adx_threshold,irg_threshold,min_momentum_pct,momentum_days,volume_factor,sl_mult,tp_mult,allow_partial_signals,require_macd,require_ma50,require_rsi_gt,sharpe_mean,max_drawdown_mean,trades,total_return_mean,params
0,-1.1245647621607804,19,1.55,0.024,7,1.1,1.3,1.7,0,0,0,18,-1.6220154690233874,0.09521617001456681,667,0.02275140764076248,"{'adx_threshold': 19.0, 'irg_threshold': 1.55, 'min_momentum_pct': 0.024, 'momentum_days': 7, 'volume_factor': 1.1, 'sl_mult': 1.3, 'tp_mult': 1.7, 'allow_partial_signals': 0.0, 'require_macd': 0.0, 'require_ma50': 0.0, 'require_rsi_gt': 18.0}"
1,0.14122254056245895,15,0.5,0.012,7,1.25,1.6,4.300000000000001,1,1,0,31,-0.028469449166896855,0.30910496731399134,7889,0.13876686357196616,"{'adx_threshold': 15.0, 'irg_threshold': 0.5, 'min_momentum_pct': 0.012, 'momentum_days': 7, 'volume_factor': 1.25, 'sl_mult': 1.6, 'tp_mult': 4.300000000000001, 'allow_partial_signals': 1.0, 'require_macd': 1.0, 'require_ma50': 0.0, 'require_rsi_gt': 31.0}"
2,-2.945869091541541,23,0.35,0.02,4,1.0,2.9000000000000004,5.9,0,1,0,30,-3.869993018420995,0.07836487182471544,453,0.011070094407108927,"{'adx_threshold': 23.0, 'irg_threshold': 0.35, 'min_momentum_pct': 0.02, 'momentum_days': 4, 'volume_factor': 1.0, 'sl_mult': 2.9000000000000004, 'tp_mult': 5.9, 'allow_partial_signals': 0.0, 'require_macd': 1.0, 'require_ma50': 0.0, 'require_rsi_gt': 30.0}"
3,0.16837576176849228,12,1.5000000000000002,0.011,8,1.2,2.0,4.0,1,1,0,47,0.017602431999457907,0.27620496705411557,5460,0.1246696639924298,"{'adx_threshold': 12.0, 'irg_threshold': 1.5000000000000002, 'min_momentum_pct': 0.011, 'momentum_days': 8, 'volume_factor': 1.2, 'sl_mult': 2.0, 'tp_mult': 4.0, 'allow_partial_signals': 1.0, 'require_macd': 1.0, 'require_ma50': 0.0, 'require_rsi_gt': 47.0}"
4,-2.171295401202581,13,0.55,0.006,5,1.25,1.5,5.300000000000001,0,0,0,50,-2.895792205993038,0.1170234876993948,693,0.015003753824548174,"{'adx_threshold': 13.0, 'irg_threshold': 0.55, 'min_momentum_pct': 0.006, 'momentum_days': 5, 'volume_factor': 1.25, 'sl_mult': 1.5, 'tp_mult': 5.300000000000001, 'allow_partial_signals': 0.0, 'require_macd': 0.0, 'require_ma50': 0.0, 'require_rsi_gt': 50.0}"
5,0.26770555223689524,26,0.55,0.005,9,1.45,2.5,5.0,1,1,0,12,0.09332856487915032,0.26839846695534697,6754,0.13148582551291021,"{'adx_threshold': 26.0, 'irg_threshold': 0.55, 'min_momentum_pct': 0.005, 'momentum_days': 9, 'volume_factor': 1.45, 'sl_mult': 2.5, 'tp_mult': 5.0, 'allow_partial_signals': 1.0, 'require_macd': 1.0, 'require_ma50': 0.0, 'require_rsi_gt': 12.0}"
6,0.36175607753934935,17,0.7,0.023000000000000003,8,1.55,1.9,2.0,1,1,1,27,0.1939718350686574,0.25008480699279917,4778,0.15171026233732504,"{'adx_threshold': 17.0, 'irg_threshold': 0.7, 'min_momentum_pct': 0.023000000000000003, 'momentum_days': 8, 'volume_factor': 1.55, 'sl_mult': 1.9, 'tp_mult': 2.0, 'allow_partial_signals': 1.0, 'require_macd': 1.0, 'require_ma50': 1.0, 'require_rsi_gt': 27.0}"
7,0.43506031825218217,12,0.4,0.005,8,1.2,2.0,5.6000000000000005,1,0,1,16,0.1931670779233334,0.3138955280160101,10207,0.2403376315030075,"{'adx_threshold': 12.0, 'irg_threshold': 0.4, 'min_momentum_pct': 0.005, 'momentum_days': 8, 'volume_factor': 1.2, 'sl_mult': 2.0, 'tp_mult': 5.6000000000000005, 'allow_partial_signals': 1.0, 'require_macd': 0.0, 'require_ma50': 1.0, 'require_rsi_gt': 16.0}"
8,-0.08463507051788932,29,1.35,0.021,9,1.5,1.3,5.6000000000000005,1,0,1,27,-0.28315116905042126,0.25140328412149027,5836,0.06636862936793254,"{'adx_threshold': 29.0, 'irg_threshold': 1.35, 'min_momentum_pct': 0.021, 'momentum_days': 9, 'volume_factor': 1.5, 'sl_mult': 1.3, 'tp_mult': 5.6000000000000005, 'allow_partial_signals': 1.0, 'require_macd': 0.0, 'require_ma50': 1.0, 'require_rsi_gt': 27.0}"
9,0.34787613478481727,27,1.4500000000000002,0.005,7,1.25,1.4,2.0,1,1,0,49,0.22168488872129238,0.24334193811280713,5642,0.09626768775736945,"{'adx_threshold': 27.0, 'irg_threshold': 1.4500000000000002, 'min_momentum_pct': 0.005, 'momentum_days': 7, 'volume_factor': 1.25, 'sl_mult': 1.4, 'tp_mult': 2.0, 'allow_partial_signals': 1.0, 'require_macd': 1.0, 'require_ma50': 0.0, 'require_rsi_gt': 49.0}"
10,-0.23415659768849809,21,1.05,0.03,10,1.4,2.4000000000000004,3.0,0,0,1,11,-0.5314917932443767,0.05512166776372809,346,0.01471565059752372,"{'adx_threshold': 21.0, 'irg_threshold': 1.05, 'min_momentum_pct': 0.03, 'momentum_days': 10, 'volume_factor': 1.4, 'sl_mult': 2.4000000000000004, 'tp_mult': 3.0, 'allow_partial_signals': 0.0, 'require_macd': 0.0, 'require_ma50': 1.0, 'require_rsi_gt': 11.0}"
11,0.22945374521807213,17,0.8500000000000001,0.026000000000000002,5,1.6,2.0,2.8,1,0,1,23,0.024088206496232323,0.2983792819762659,7734,0.16689753845683603,"{'adx_threshold': 17.0, 'irg_threshold': 0.8500000000000001, 'min_momentum_pct': 0.026000000000000002, 'momentum_days': 5, 'volume_factor': 1.6, 'sl_mult': 2.0, 'tp_mult': 2.8, 'allow_partial_signals': 1.0, 'require_macd': 0.0, 'require_ma50': 1.0, 'require_rsi_gt': 23.0}"
12,0.2906269580332604,16,0.8,0.014000000000000002,9,1.35,2.3,3.1,1,1,1,36,0.10366453460192872,0.24669181594592784,4763,0.15938378094462605,"{'adx_threshold': 16.0, 'irg_threshold': 0.8, 'min_momentum_pct': 0.014000000000000002, 'momentum_days': 9, 'volume_factor': 1.35, 'sl_mult': 2.3, 'tp_mult': 3.1, 'allow_partial_signals': 1.0, 'require_macd': 1.0, 'require_ma50': 1.0, 'require_rsi_gt': 36.0}"
13,0.2925308874207986,14,0.7,0.016,6,1.6,1.7000000000000002,4.800000000000001,1,0,1,19,0.015189705654509379,0.2993710362597729,8431,0.23804048595186061,"{'adx_threshold': 14.0, 'irg_threshold': 0.7, 'min_momentum_pct': 0.016, 'momentum_days': 6, 'volume_factor': 1.6, 'sl_mult': 1.7000000000000002, 'tp_mult': 4.800000000000001, 'allow_partial_signals': 1.0, 'require_macd': 0.0, 'require_ma50': 1.0, 'require_rsi_gt': 19.0}"
14,0.4740962760943669,18,0.3,0.02,8,1.15,1.8,2.3,1,1,1,38,0.2936216693111287,0.2622644123847368,5747,0.18779048838635584,"{'adx_threshold': 18.0, 'irg_threshold': 0.3, 'min_momentum_pct': 0.02, 'momentum_days': 8, 'volume_factor': 1.15, 'sl_mult': 1.8, 'tp_mult': 2.3, 'allow_partial_signals': 1.0, 'require_macd': 1.0, 'require_ma50': 1.0, 'require_rsi_gt': 38.0}"
15,0.3092457427133499,21,0.3,0.009000000000000001,3,1.1,1.0,3.4000000000000004,1,0,1,40,0.10870216331315731,0.29219014426358286,8224,0.18009393102614205,"{'adx_threshold': 21.0, 'irg_threshold': 0.3, 'min_momentum_pct': 0.009000000000000001, 'momentum_days': 3, 'volume_factor': 1.1, 'sl_mult': 1.0, 'tp_mult': 3.4000000000000004, 'allow_partial_signals': 1.0, 'require_macd': 0.0, 'require_ma50': 1.0, 'require_rsi_gt': 40.0}"
16,0.32491497292669574,19,1.1,0.018000000000000002,10,1.15,2.2,2.5,1,0,1,41,0.10501696442430485,0.2793819831904215,7014,0.18814531600915366,"{'adx_threshold': 19.0, 'irg_threshold': 1.1, 'min_momentum_pct': 0.018000000000000002, 'momentum_days': 10, 'volume_factor': 1.15, 'sl_mult': 2.2, 'tp_mult': 2.5, 'allow_partial_signals': 1.0, 'require_macd': 0.0, 'require_ma50': 1.0, 'require_rsi_gt': 41.0}"
17,0.3607770953125228,24,0.4,0.016,8,1.0,2.7,4.5,1,1,1,35,0.17806936911835053,0.25321936960801866,5479,0.1576696685758225,"{'adx_threshold': 24.0, 'irg_threshold': 0.4, 'min_momentum_pct': 0.016, 'momentum_days': 8, 'volume_factor': 1.0, 'sl_mult': 2.7, 'tp_mult': 4.5, 'allow_partial_signals': 1.0, 'require_macd': 1.0, 'require_ma50': 1.0, 'require_rsi_gt': 35.0}"
18,-0.3669104720979097,12,0.45,0.029,6,1.1,1.8,3.6,0,1,1,42,-0.6606223787697578,0.12809936147155684,764,0.02280925422186062,"{'adx_threshold': 12.0, 'irg_threshold': 0.45, 'min_momentum_pct': 0.029, 'momentum_days': 6, 'volume_factor': 1.1, 'sl_mult': 1.8, 'tp_mult': 3.6, 'allow_partial_signals': 0.0, 'require_macd': 1.0, 'require_ma50': 1.0, 'require_rsi_gt': 42.0}"
19,0.44443254957097134,19,1.25,0.009000000000000001,8,1.35,2.2,2.4,1,0,1,17,0.1890971990267666,0.2907910202387239,8409,0.2424588680369685,"{'adx_threshold': 19.0, 'irg_threshold': 1.25, 'min_momentum_pct': 0.009000000000000001, 'momentum_days': 8, 'volume_factor': 1.35, 'sl_mult': 2.2, 'tp_mult': 2.4, 'allow_partial_signals': 1.0, 'require_macd': 0.0, 'require_ma50': 1.0, 'require_rsi_gt': 17.0}"
20,0.20754033752836157,19,1.25,0.009000000000000001,9,1.35,2.6,2.5,1,1,1,22,0.065837445932123,0.25526783235852535,4700,0.10999268769524335,"{'adx_threshold': 19.0, 'irg_threshold': 1.25, 'min_momentum_pct': 0.009000000000000001, 'momentum_days': 9, 'volume_factor': 1.35, 'sl_mult': 2.6, 'tp_mult': 2.5, 'allow_partial_signals': 1.0, 'require_macd': 1.0, 'require_ma50': 1.0, 'require_rsi_gt': 22.0}"
21,0.43471647428225624,23,1.2,0.008,8,1.3,2.1,1.5,1,0,1,15,0.2918271029088453,0.2840481796727323,8373,0.13680698826561472,"{'adx_threshold': 23.0, 'irg_threshold': 1.2, 'min_momentum_pct': 0.008, 'momentum_days': 8, 'volume_factor': 1.3, 'sl_mult': 2.1, 'tp_mult': 1.5, 'allow_partial_signals': 1.0, 'require_macd': 0.0, 'require_ma50': 1.0, 'require_rsi_gt': 15.0}"
22,0.5546578584495869,18,0.95,0.013000000000000001,8,1.15,2.2,2.3,1,0,1,15,0.2824744055260238,0.29983927195045573,9329,0.2784851634210814,"{'adx_threshold': 18.0, 'irg_threshold': 0.95, 'min_momentum_pct': 0.013000000000000001, 'momentum_days': 8, 'volume_factor': 1.15, 'sl_mult': 2.2, 'tp_mult': 2.3, 'allow_partial_signals': 1.0, 'require_macd': 0.0, 'require_ma50': 1.0, 'require_rsi_gt': 15.0}"
23,0.42554025374159093,18,1.0,0.013000000000000001,7,1.05,2.3,2.3,1,0,1,10,0.1672169224802165,0.31473428523198593,9963,0.25276408757615026,"{'adx_threshold': 18.0, 'irg_threshold': 1.0, 'min_momentum_pct': 0.013000000000000001, 'momentum_days': 7, 'volume_factor': 1.05, 'sl_mult': 2.3, 'tp_mult': 2.3, 'allow_partial_signals': 1.0, 'require_macd': 0.0, 'require_ma50': 1.0, 'require_rsi_gt': 10.0}"
24,0.5622921187194285,20,0.9000000000000001,0.015,6,1.15,3.0,2.1,1,0,1,23,0.27459548300240255,0.2925460229113031,8885,0.2879189292992918,"{'adx_threshold': 20.0, 'irg_threshold': 0.9000000000000001, 'min_momentum_pct': 0.015, 'momentum_days': 6, 'volume_factor': 1.15, 'sl_mult': 3.0, 'tp_mult': 2.1, 'allow_partial_signals': 1.0, 'require_macd': 0.0, 'require_ma50': 1.0, 'require_rsi_gt': 23.0}"
25,0.4396901710335398,22,0.9000000000000001,0.018000000000000002,6,1.15,2.9000000000000004,2.0,1,0,1,22,0.2544739271177239,0.28671555049545194,8442,0.1773676456026879,"{'adx_threshold': 22.0, 'irg_threshold': 0.9000000000000001, 'min_momentum_pct': 0.018000000000000002, 'momentum_days': 6, 'volume_factor': 1.15, 'sl_mult': 2.9000000000000004, 'tp_mult': 2.0, 'allow_partial_signals': 1.0, 'require_macd': 0.0, 'require_ma50': 1.0, 'require_rsi_gt': 22.0}"
26,-2.735540167718241,20,0.7,0.015,5,1.15,3.0,3.3,0,0,1,26,-3.6288617445729456,0.08607511071017639,541,0.009492762238218414,"{'adx_threshold': 20.0, 'irg_threshold': 0.7, 'min_momentum_pct': 0.015, 'momentum_days': 5, 'volume_factor': 1.15, 'sl_mult': 3.0, 'tp_mult': 3.3, 'allow_partial_signals': 0.0, 'require_macd': 0.0, 'require_ma50': 1.0, 'require_rsi_gt': 26.0}"
27,0.5225886506232353,16,0.95,0.02,6,1.05,2.7,2.8,1,0,1,34,0.2204452763662976,0.2988004409427418,9137,0.29913453956058383,"{'adx_threshold': 16.0, 'irg_threshold': 0.95, 'min_momentum_pct': 0.02, 'momentum_days': 6, 'volume_factor': 1.05, 'sl_mult': 2.7, 'tp_mult': 2.8, 'allow_partial_signals': 1.0, 'require_macd': 0.0, 'require_ma50': 1.0, 'require_rsi_gt': 34.0}"
28,0.614010914784865,15,0.95,0.017,6,1.05,2.8,2.7,1,0,1,33,0.3032779947395936,0.30282730872056707,9666,0.32451511006077266,"{'adx_threshold': 15.0, 'irg_threshold': 0.95, 'min_momentum_pct': 0.017, 'momentum_days': 6, 'volume_factor': 1.05, 'sl_mult': 2.8, 'tp_mult': 2.7, 'allow_partial_signals': 1.0, 'require_macd': 0.0, 'require_ma50': 1.0, 'require_rsi_gt': 33.0}"
29,2.1394827222243893,14,1.1500000000000001,0.011,4,1.0,2.8,1.7,0,0,1,20,2.4365733775009484,0.1388346467175427,1025,0.04714804920006161,"{'adx_threshold': 14.0, 'irg_threshold': 1.1500000000000001, 'min_momentum_pct': 0.011, 'momentum_days': 4, 'volume_factor': 1.0, 'sl_mult': 2.8, 'tp_mult': 1.7, 'allow_partial_signals': 0.0, 'require_macd': 0.0, 'require_ma50': 1.0, 'require_rsi_gt': 20.0}"
30,0.04461011358388084,14,1.1500000000000001,0.011,3,1.05,2.8,1.7,0,0,1,20,-0.1904123583833227,0.13113030276744472,959,0.049832694004140234,"{'adx_threshold': 14.0, 'irg_threshold': 1.1500000000000001, 'min_momentum_pct': 0.011, 'momentum_days': 3, 'volume_factor': 1.05, 'sl_mult': 2.8, 'tp_mult': 1.7, 'allow_partial_signals': 0.0, 'require_macd': 0.0, 'require_ma50': 1.0, 'require_rsi_gt': 20.0}"
31,2.1545160316671996,15,1.0,0.014000000000000002,4,1.0,3.0,1.7,0,0,1,13,2.449993597714106,0.1333968693622528,977,0.04849799738676407,"{'adx_threshold': 15.0, 'irg_threshold': 1.0, 'min_momentum_pct': 0.014000000000000002, 'momentum_days': 4, 'volume_factor': 1.0, 'sl_mult': 3.0, 'tp_mult': 1.7, 'allow_partial_signals': 0.0, 'require_macd': 0.0, 'require_ma50': 1.0, 'require_rsi_gt': 13.0}"
32,2.4495329410635023,15,0.8,0.017,4,1.0,3.0,1.5,0,0,1,14,2.8110126742902763,0.13259569778521513,990,0.04231787041998678,"{'adx_threshold': 15.0, 'irg_threshold': 0.8, 'min_momentum_pct': 0.017, 'momentum_days': 4, 'volume_factor': 1.0, 'sl_mult': 3.0, 'tp_mult': 1.5, 'allow_partial_signals': 0.0, 'require_macd': 0.0, 'require_ma50': 1.0, 'require_rsi_gt': 14.0}"
33,2.238635785007773,15,0.8,0.017,4,1.0,2.8,1.6,0,0,1,13,2.5428404799308932,0.13226073934846957,969,0.05073141425723893,"{'adx_threshold': 15.0, 'irg_threshold': 0.8, 'min_momentum_pct': 0.017, 'momentum_days': 4, 'volume_factor': 1.0, 'sl_mult': 2.8, 'tp_mult': 1.6, 'allow_partial_signals': 0.0, 'require_macd': 0.0, 'require_ma50': 1.0, 'require_rsi_gt': 13.0}"
34,0.29351125470232897,14,0.8,0.012,4,1.0,3.0,1.5,0,0,0,13,0.13603974601950558,0.1421198021864153,1077,0.03668701260197609,"{'adx_threshold': 14.0, 'irg_threshold': 0.8, 'min_momentum_pct': 0.012, 'momentum_days': 4, 'volume_factor': 1.0, 'sl_mult': 3.0, 'tp_mult': 1.5, 'allow_partial_signals': 0.0, 'require_macd': 0.0, 'require_ma50': 0.0, 'require_rsi_gt': 13.0}"
35,0.07518109908048091,15,0.6000000000000001,0.022000000000000002,4,1.0,2.6,1.7,0,0,0,13,-0.14829404828203896,0.13380584872911794,949,0.04779446419356344,"{'adx_threshold': 15.0, 'irg_threshold': 0.6000000000000001, 'min_momentum_pct': 0.022000000000000002, 'momentum_days': 4, 'volume_factor': 1.0, 'sl_mult': 2.6, 'tp_mult': 1.7, 'allow_partial_signals': 0.0, 'require_macd': 0.0, 'require_ma50': 0.0, 'require_rsi_gt': 13.0}"
36,2.0651709420694853,13,1.6,0.019,4,1.0,2.8,1.7,0,0,1,18,2.3505808011964198,0.13670730433026262,963,0.042147724466852776,"{'adx_threshold': 13.0, 'irg_threshold': 1.6, 'min_momentum_pct': 0.019, 'momentum_days': 4, 'volume_factor': 1.0, 'sl_mult': 2.8, 'tp_mult': 1.7, 'allow_partial_signals': 0.0, 'require_macd': 0.0, 'require_ma50': 1.0, 'require_rsi_gt': 18.0}"
37,0.32189776634400885,16,1.05,0.012,3,1.05,2.9000000000000004,1.9,0,0,0,14,0.14627872710866094,0.11978382004901453,872,0.0553092083465957,"{'adx_threshold': 16.0, 'irg_threshold': 1.05, 'min_momentum_pct': 0.012, 'momentum_days': 3, 'volume_factor': 1.05, 'sl_mult': 2.9000000000000004, 'tp_mult': 1.9, 'allow_partial_signals': 0.0, 'require_macd': 0.0, 'require_ma50': 0.0, 'require_rsi_gt': 14.0}"
38,0.713945379876469,14,0.75,0.014000000000000002,4,1.1,2.5,1.5,0,0,1,10,0.64315599825308,0.12855736236818044,928,0.03760456603773323,"{'adx_threshold': 14.0, 'irg_threshold': 0.75, 'min_momentum_pct': 0.014000000000000002, 'momentum_days': 4, 'volume_factor': 1.1, 'sl_mult': 2.5, 'tp_mult': 1.5, 'allow_partial_signals': 0.0, 'require_macd': 0.0, 'require_ma50': 1.0, 'require_rsi_gt': 10.0}"
39,0.7548624873182698,13,0.6000000000000001,0.025,5,1.0,2.7,1.9,0,0,1,17,0.7014492448988829,0.1371725965644409,973,0.054574799597154756,"{'adx_threshold': 13.0, 'irg_threshold': 0.6000000000000001, 'min_momentum_pct': 0.025, 'momentum_days': 5, 'volume_factor': 1.0, 'sl_mult': 2.7, 'tp_mult': 1.9, 'allow_partial_signals': 0.0, 'require_macd': 0.0, 'require_ma50': 1.0, 'require_rsi_gt': 17.0}"
40,-0.9282856865520941,17,1.35,0.017,4,1.05,2.9000000000000004,4.0,0,0,0,12,-1.3484274518256143,0.11942896372037659,730,0.016773350741497255,"{'adx_threshold': 17.0, 'irg_threshold': 1.35, 'min_momentum_pct': 0.017, 'momentum_days': 4, 'volume_factor': 1.05, 'sl_mult': 2.9000000000000004, 'tp_mult': 4.0, 'allow_partial_signals': 0.0, 'require_macd': 0.0, 'require_ma50': 0.0, 'require_rsi_gt': 12.0}"
41,2.0667267079206453,13,1.6,0.018000000000000002,3,1.0,2.8,1.7,0,0,1,19,2.3447707771068216,0.13450308689780882,967,0.04608460759761254,"{'adx_threshold': 13.0, 'irg_threshold': 1.6, 'min_momentum_pct': 0.018000000000000002, 'momentum_days': 3, 'volume_factor': 1.0, 'sl_mult': 2.8, 'tp_mult': 1.7, 'allow_partial_signals': 0.0, 'require_macd': 0.0, 'require_ma50': 1.0, 'require_rsi_gt': 19.0}"
42,2.2561376151227037,13,1.5000000000000002,0.019,3,1.0,2.6,1.8,0,0,1,19,2.5768669420245027,0.1331780000437374,969,0.04833448131209879,"{'adx_threshold': 13.0, 'irg_threshold': 1.5000000000000002, 'min_momentum_pct': 0.019, 'momentum_days': 3, 'volume_factor': 1.0, 'sl_mult': 2.6, 'tp_mult': 1.8, 'allow_partial_signals': 0.0, 'require_macd': 0.0, 'require_ma50': 1.0, 'require_rsi_gt': 19.0}"
43,0.8847551821880053,12,1.5000000000000002,0.022000000000000002,3,1.1,2.6,2.2,0,0,1,29,0.8659786313528305,0.12746798185275046,830,0.04654443971317631,"{'adx_threshold': 12.0, 'irg_threshold': 1.5000000000000002, 'min_momentum_pct': 0.022000000000000002, 'momentum_days': 3, 'volume_factor': 1.1, 'sl_mult': 2.6, 'tp_mult': 2.2, 'allow_partial_signals': 0.0, 'require_macd': 0.0, 'require_ma50': 1.0, 'require_rsi_gt': 29.0}"
44,1.806293059913197,15,1.4000000000000001,0.011,4,1.0,3.0,1.8,0,0,1,21,2.0374632318075125,0.13477580589127391,967,0.037400607872905604,"{'adx_threshold': 15.0, 'irg_threshold': 1.4000000000000001, 'min_momentum_pct': 0.011, 'momentum_days': 4, 'volume_factor': 1.0, 'sl_mult': 3.0, 'tp_mult': 1.8, 'allow_partial_signals': 0.0, 'require_macd': 0.0, 'require_ma50': 1.0, 'require_rsi_gt': 21.0}"
45,0.07037851461363724,15,0.8,0.016,5,1.05,2.5,1.5,0,0,1,25,-0.15358189023023558,0.1276346900543115,952,0.03588449031691969,"{'adx_threshold': 15.0, 'irg_threshold': 0.8, 'min_momentum_pct': 0.016, 'momentum_days': 5, 'volume_factor': 1.05, 'sl_mult': 2.5, 'tp_mult': 1.5, 'allow_partial_signals': 0.0, 'require_macd': 0.0, 'require_ma50': 1.0, 'require_rsi_gt': 25.0}"
46,0.022440392842440843,16,1.05,0.019,5,1.1,2.9000000000000004,2.1,0,0,1,16,-0.21045681494048316,0.1177484675015698,781,0.03972699684206222,"{'adx_threshold': 16.0, 'irg_threshold': 1.05, 'min_momentum_pct': 0.019, 'momentum_days': 5, 'volume_factor': 1.1, 'sl_mult': 2.9000000000000004, 'tp_mult': 2.1, 'allow_partial_signals': 0.0, 'require_macd': 0.0, 'require_ma50': 1.0, 'require_rsi_gt': 16.0}"
47,-1.0999932447361929,13,0.65,0.007,3,1.2,2.7,6.0,0,0,1,14,-1.5630481880862466,0.12420430631441051,705,0.01506840719549788,"{'adx_threshold': 13.0, 'irg_threshold': 0.65, 'min_momentum_pct': 0.007, 'momentum_days': 3, 'volume_factor': 1.2, 'sl_mult': 2.7, 'tp_mult': 6.0, 'allow_partial_signals': 0.0, 'require_macd': 0.0, 'require_ma50': 1.0, 'require_rsi_gt': 14.0}"
48,0.20494258311259408,17,0.8500000000000001,0.014000000000000002,4,1.0,3.0,1.8,0,0,0,18,0.041189887821562875,0.12785321731936042,893,0.030457556130805655,"{'adx_threshold': 17.0, 'irg_threshold': 0.8500000000000001, 'min_momentum_pct': 0.014000000000000002, 'momentum_days': 4, 'volume_factor': 1.0, 'sl_mult': 3.0, 'tp_mult': 1.8, 'allow_partial_signals': 0.0, 'require_macd': 0.0, 'require_ma50': 0.0, 'require_rsi_gt': 18.0}"
49,-7.87742621601326,30,1.1500000000000001,0.015,3,1.05,2.4000000000000004,2.6,0,0,1,12,-10.03154179334023,0.03861033847973827,268,0.003769873660866282,"{'adx_threshold': 30.0, 'irg_threshold': 1.1500000000000001, 'min_momentum_pct': 0.015, 'momentum_days': 3, 'volume_factor': 1.05, 'sl_mult': 2.4000000000000004, 'tp_mult': 2.6, 'allow_partial_signals': 0.0, 'require_macd': 0.0, 'require_ma50': 1.0, 'require_rsi_gt': 12.0}"
50,0.3110289990855339,12,1.3,0.021,4,1.1,2.8,3.0,0,1,1,24,0.1864990304191051,0.13160095112423786,785,0.021494227599262967,"{'adx_threshold': 12.0, 'irg_threshold': 1.3, 'min_momentum_pct': 0.021, 'momentum_days': 4, 'volume_factor': 1.1, 'sl_mult': 2.8, 'tp_mult': 3.0, 'allow_partial_signals': 0.0, 'require_macd': 1.0, 'require_ma50': 1.0, 'require_rsi_gt': 24.0}"
51,1.8236657701365337,14,1.6,0.018000000000000002,3,1.0,2.9000000000000004,1.7,0,0,1,20,2.0512497830467504,0.13384383514957787,945,0.03937999017370146,"{'adx_threshold': 14.0, 'irg_threshold': 1.6, 'min_momentum_pct': 0.018000000000000002, 'momentum_days': 3, 'volume_factor': 1.0, 'sl_mult': 2.9000000000000004, 'tp_mult': 1.7, 'allow_partial_signals': 0.0, 'require_macd': 0.0, 'require_ma50': 1.0, 'require_rsi_gt': 20.0}"
52,0.995323436241973,13,1.55,0.019,3,1.0,2.8,2.0,0,0,1,19,0.9948498816352059,0.13355876031384473,943,0.05674722494150444,"{'adx_threshold': 13.0, 'irg_threshold': 1.55, 'min_momentum_pct': 0.019, 'momentum_days': 3, 'volume_factor': 1.0, 'sl_mult': 2.8, 'tp_mult': 2.0, 'allow_partial_signals': 0.0, 'require_macd': 0.0, 'require_ma50': 1.0, 'require_rsi_gt': 19.0}"
53,2.0409800009907655,15,1.5000000000000002,0.016,3,1.0,2.6,1.6,0,0,1,16,2.3097654179247242,0.12947200266783276,951,0.04001111296340119,"{'adx_threshold': 15.0, 'irg_threshold': 1.5000000000000002, 'min_momentum_pct': 0.016, 'momentum_days': 3, 'volume_factor': 1.0, 'sl_mult': 2.6, 'tp_mult': 1.6, 'allow_partial_signals': 0.0, 'require_macd': 0.0, 'require_ma50': 1.0, 'require_rsi_gt': 16.0}"
54,-1.385622255797738,13,1.4500000000000002,0.017,4,1.45,2.8,1.9,0,0,1,11,-1.989399144509538,0.09109232912994987,541,0.029075573605096442,"{'adx_threshold': 13.0, 'irg_threshold': 1.4500000000000002, 'min_momentum_pct': 0.017, 'momentum_days': 4, 'volume_factor': 1.45, 'sl_mult': 2.8, 'tp_mult': 1.9, 'allow_partial_signals': 0.0, 'require_macd': 0.0, 'require_ma50': 1.0, 'require_rsi_gt': 11.0}"
55,-0.36896111777058,14,1.55,0.01,5,1.05,2.7,2.2,0,0,1,15,-0.6646703880786344,0.13298703039599413,893,0.033522466223214704,"{'adx_threshold': 14.0, 'irg_threshold': 1.55, 'min_momentum_pct': 0.01, 'momentum_days': 5, 'volume_factor': 1.05, 'sl_mult': 2.7, 'tp_mult': 2.2, 'allow_partial_signals': 0.0, 'require_macd': 0.0, 'require_ma50': 1.0, 'require_rsi_gt': 15.0}"
56,-1.3578383051545515,26,1.4000000000000001,0.021,4,1.05,2.9000000000000004,1.8,0,0,1,29,-1.9298852852331847,0.05917803535016986,403,0.02156118246183067,"{'adx_threshold': 26.0, 'irg_threshold': 1.4000000000000001, 'min_momentum_pct': 0.021, 'momentum_days': 4, 'volume_factor': 1.05, 'sl_mult': 2.9000000000000004, 'tp_mult': 1.8, 'allow_partial_signals': 0.0, 'require_macd': 0.0, 'require_ma50': 1.0, 'require_rsi_gt': 29.0}"
57,3.5873472830291506,16,0.75,0.013000000000000001,3,1.0,3.0,1.5,0,1,1,17,4.214412515123104,0.12093946823835904,892,0.04690790726482449,"{'adx_threshold': 16.0, 'irg_threshold': 0.75, 'min_momentum_pct': 0.013000000000000001, 'momentum_days': 3, 'volume_factor': 1.0, 'sl_mult': 3.0, 'tp_mult': 1.5, 'allow_partial_signals': 0.0, 'require_macd': 1.0, 'require_ma50': 1.0, 'require_rsi_gt': 17.0}"
58,0.6031934451079916,16,0.75,0.013000000000000001,5,1.05,3.0,1.5,0,1,1,17,0.4881554489335012,0.1156225071689641,845,0.04495743157273908,"{'adx_threshold': 16.0, 'irg_threshold': 0.75, 'min_momentum_pct': 0.013000000000000001, 'momentum_days': 5, 'volume_factor': 1.05, 'sl_mult': 3.0, 'tp_mult': 1.5, 'allow_partial_signals': 0.0, 'require_macd': 1.0, 'require_ma50': 1.0, 'require_rsi_gt': 17.0}"
59,-1.2979300388631738,16,0.8500000000000001,0.01,4,1.2,2.4000000000000004,2.1,0,1,1,14,-1.8254732829554003,0.11155478338167749,654,0.015377841320654142,"{'adx_threshold': 16.0, 'irg_threshold': 0.8500000000000001, 'min_momentum_pct': 0.01, 'momentum_days': 4, 'volume_factor': 1.2, 'sl_mult': 2.4000000000000004, 'tp_mult': 2.1, 'allow_partial_signals': 0.0, 'require_macd': 1.0, 'require_ma50': 1.0, 'require_rsi_gt': 14.0}"
60,-2.2151872136861392,17,0.9000000000000001,0.013000000000000001,3,1.1,1.1,2.4,0,1,1,11,-2.947165672024174,0.10758723861984736,713,0.010995838650338955,"{'adx_threshold': 17.0, 'irg_threshold': 0.9000000000000001, 'min_momentum_pct': 0.013000000000000001, 'momentum_days': 3, 'volume_factor': 1.1, 'sl_mult': 1.1, 'tp_mult': 2.4, 'allow_partial_signals': 0.0, 'require_macd': 1.0, 'require_ma50': 1.0, 'require_rsi_gt': 11.0}"
61,2.760085298907926,12,0.75,0.015,3,1.0,2.9000000000000004,1.6,0,1,1,19,3.1976293716251583,0.13725071638948785,999,0.05020611870378729,"{'adx_threshold': 12.0, 'irg_threshold': 0.75, 'min_momentum_pct': 0.015, 'momentum_days': 3, 'volume_factor': 1.0, 'sl_mult': 2.9000000000000004, 'tp_mult': 1.6, 'allow_partial_signals': 0.0, 'require_macd': 1.0, 'require_ma50': 1.0, 'require_rsi_gt': 19.0}"
62,2.760085298907926,12,0.75,0.015,3,1.0,2.9000000000000004,1.6,0,1,1,21,3.1976293716251583,0.13725071638948785,999,0.05020611870378729,"{'adx_threshold': 12.0, 'irg_threshold': 0.75, 'min_momentum_pct': 0.015, 'momentum_days': 3, 'volume_factor': 1.0, 'sl_mult': 2.9000000000000004, 'tp_mult': 1.6, 'allow_partial_signals': 0.0, 'require_macd': 1.0, 'require_ma50': 1.0, 'require_rsi_gt': 21.0}"
63,3.5891354893968463,12,0.5,0.015,3,1.0,3.0,1.5,0,1,1,16,4.238657268209267,0.13808879140918684,1017,0.042004602376978104,"{'adx_threshold': 12.0, 'irg_threshold': 0.5, 'min_momentum_pct': 0.015, 'momentum_days': 3, 'volume_factor': 1.0, 'sl_mult': 3.0, 'tp_mult': 1.5, 'allow_partial_signals': 0.0, 'require_macd': 1.0, 'require_ma50': 1.0, 'require_rsi_gt': 16.0}"
64,0.6027599016399003,12,0.55,0.015,3,1.05,2.9000000000000004,1.5,0,1,1,22,0.504188815821138,0.13134945791063993,960,0.0413952763308669,"{'adx_threshold': 12.0, 'irg_threshold': 0.55, 'min_momentum_pct': 0.015, 'momentum_days': 3, 'volume_factor': 1.05, 'sl_mult': 2.9000000000000004, 'tp_mult': 1.5, 'allow_partial_signals': 0.0, 'require_macd': 1.0, 'require_ma50': 1.0, 'require_rsi_gt': 22.0}"
65,-0.17263137793248662,12,0.5,0.016,3,1.0,3.0,5.1,0,1,1,18,-0.4384176229012301,0.13686999694194865,836,0.04651680337516325,"{'adx_threshold': 12.0, 'irg_threshold': 0.5, 'min_momentum_pct': 0.016, 'momentum_days': 3, 'volume_factor': 1.0, 'sl_mult': 3.0, 'tp_mult': 5.1, 'allow_partial_signals': 0.0, 'require_macd': 1.0, 'require_ma50': 1.0, 'require_rsi_gt': 18.0}"
66,-1.1275562879448848,12,0.65,0.017,3,1.3,1.5,1.9,0,1,1,16,-1.645823839625364,0.09925938714583396,657,0.026087142001044724,"{'adx_threshold': 12.0, 'irg_threshold': 0.65, 'min_momentum_pct': 0.017, 'momentum_days': 3, 'volume_factor': 1.3, 'sl_mult': 1.5, 'tp_mult': 1.9, 'allow_partial_signals': 0.0, 'require_macd': 1.0, 'require_ma50': 1.0, 'require_rsi_gt': 16.0}"
67,-0.884915987941453,12,0.75,0.015,3,1.25,2.9000000000000004,5.7,0,1,1,21,-1.3065121042850132,0.11438180243547327,624,0.021109879061414302,"{'adx_threshold': 12.0, 'irg_threshold': 0.75, 'min_momentum_pct': 0.015, 'momentum_days': 3, 'volume_factor': 1.25, 'sl_mult': 2.9000000000000004, 'tp_mult': 5.7, 'allow_partial_signals': 0.0, 'require_macd': 1.0, 'require_ma50': 1.0, 'require_rsi_gt': 21.0}"
68,2.452827685951857,13,0.7,0.019,3,1.0,2.7,1.6,0,1,1,47,2.807184748199934,0.13370569227573909,960,0.053084698328974035,"{'adx_threshold': 13.0, 'irg_threshold': 0.7, 'min_momentum_pct': 0.019, 'momentum_days': 3, 'volume_factor': 1.0, 'sl_mult': 2.7, 'tp_mult': 1.6, 'allow_partial_signals': 0.0, 'require_macd': 1.0, 'require_ma50': 1.0, 'require_rsi_gt': 47.0}"
69,-0.7272616459645616,13,0.4,0.019,3,1.05,2.7,4.5,0,1,0,45,-1.1188021098055778,0.13161197487668938,797,0.03500224520799153,"{'adx_threshold': 13.0, 'irg_threshold': 0.4, 'min_momentum_pct': 0.019, 'momentum_days': 3, 'volume_factor': 1.05, 'sl_mult': 2.7, 'tp_mult': 4.5, 'allow_partial_signals': 0.0, 'require_macd': 1.0, 'require_ma50': 0.0, 'require_rsi_gt': 45.0}"
70,4.698023083133755,13,0.65,0.012,3,1.55,2.6,2.0,0,1,1,49,5.619102144177105,0.08431758660896553,444,0.01818563902293429,"{'adx_threshold': 13.0, 'irg_threshold': 0.65, 'min_momentum_pct': 0.012, 'momentum_days': 3, 'volume_factor': 1.55, 'sl_mult': 2.6, 'tp_mult': 2.0, 'allow_partial_signals': 0.0, 'require_macd': 1.0, 'require_ma50': 1.0, 'require_rsi_gt': 49.0}"
71,4.496793448208697,13,0.65,0.012,3,1.6,2.6,1.6,0,1,1,48,5.3619802229674836,0.08200494069833918,425,0.010851232075063947,"{'adx_threshold': 13.0, 'irg_threshold': 0.65, 'min_momentum_pct': 0.012, 'momentum_days': 3, 'volume_factor': 1.6, 'sl_mult': 2.6, 'tp_mult': 1.6, 'allow_partial_signals': 0.0, 'require_macd': 1.0, 'require_ma50': 1.0, 'require_rsi_gt': 48.0}"
72,8.063064356071003,14,0.65,0.012,3,1.55,2.5,1.6,0,1,1,50,9.819663629627717,0.0850197629399588,442,0.014925997963491677,"{'adx_threshold': 14.0, 'irg_threshold': 0.65, 'min_momentum_pct': 0.012, 'momentum_days': 3, 'volume_factor': 1.55, 'sl_mult': 2.5, 'tp_mult': 1.6, 'allow_partial_signals': 0.0, 'require_macd': 1.0, 'require_ma50': 1.0, 'require_rsi_gt': 50.0}"
73,4.631499820260357,14,0.65,0.01,3,1.55,2.5,2.0,0,1,1,50,5.53961539115051,0.08293519906694398,437,0.01594740051183048,"{'adx_threshold': 14.0, 'irg_threshold': 0.65, 'min_momentum_pct': 0.01, 'momentum_days': 3, 'volume_factor': 1.55, 'sl_mult': 2.5, 'tp_mult': 2.0, 'allow_partial_signals': 0.0, 'require_macd': 1.0, 'require_ma50': 1.0, 'require_rsi_gt': 50.0}"
74,0.950575805433859,14,0.65,0.012,3,1.55,2.4000000000000004,2.1,0,1,1,49,0.9380827924787419,0.0826576010875396,435,0.016981598645561525,"{'adx_threshold': 14.0, 'irg_threshold': 0.65, 'min_momentum_pct': 0.012, 'momentum_days': 3, 'volume_factor': 1.55, 'sl_mult': 2.4000000000000004, 'tp_mult': 2.1, 'allow_partial_signals': 0.0, 'require_macd': 1.0, 'require_ma50': 1.0, 'require_rsi_gt': 49.0}"
75,5.107125121303555,12,0.5,0.01,3,1.55,2.3,2.0,0,1,1,50,6.132385588058903,0.0848793950599253,456,0.018537916050720592,"{'adx_threshold': 12.0, 'irg_threshold': 0.5, 'min_momentum_pct': 0.01, 'momentum_days': 3, 'volume_factor': 1.55, 'sl_mult': 2.3, 'tp_mult': 2.0, 'allow_partial_signals': 0.0, 'require_macd': 1.0, 'require_ma50': 1.0, 'require_rsi_gt': 50.0}"
76,4.599171274349715,14,0.5,0.01,3,1.55,2.3,2.0,0,1,1,50,5.49990014527524,0.08206426041264703,438,0.016852615092952997,"{'adx_threshold': 14.0, 'irg_threshold': 0.5, 'min_momentum_pct': 0.01, 'momentum_days': 3, 'volume_factor': 1.55, 'sl_mult': 2.3, 'tp_mult': 2.0, 'allow_partial_signals': 0.0, 'require_macd': 1.0, 'require_ma50': 1.0, 'require_rsi_gt': 50.0}"
77,4.599171274349715,14,0.5,0.01,3,1.55,2.3,2.0,0,1,1,50,5.49990014527524,0.08206426041264703,438,0.016852615092952997,"{'adx_threshold': 14.0, 'irg_threshold': 0.5, 'min_momentum_pct': 0.01, 'momentum_days': 3, 'volume_factor': 1.55, 'sl_mult': 2.3, 'tp_mult': 2.0, 'allow_partial_signals': 0.0, 'require_macd': 1.0, 'require_ma50': 1.0, 'require_rsi_gt': 50.0}"
78,-0.4309128412152001,14,0.5,0.008,3,1.55,2.3,2.4,0,1,1,50,-0.7697704143934836,0.0831781199745119,436,0.012588140062071679,"{'adx_threshold': 14.0, 'irg_threshold': 0.5, 'min_momentum_pct': 0.008, 'momentum_days': 3, 'volume_factor': 1.55, 'sl_mult': 2.3, 'tp_mult': 2.4, 'allow_partial_signals': 0.0, 'require_macd': 1.0, 'require_ma50': 1.0, 'require_rsi_gt': 50.0}"
79,-1.1027066778462515,14,0.35,0.01,3,1.6,2.1,2.2,0,1,1,48,-1.6013526098605726,0.0804865142512752,413,0.006750185072897049,"{'adx_threshold': 14.0, 'irg_threshold': 0.35, 'min_momentum_pct': 0.01, 'momentum_days': 3, 'volume_factor': 1.6, 'sl_mult': 2.1, 'tp_mult': 2.2, 'allow_partial_signals': 0.0, 'require_macd': 1.0, 'require_ma50': 1.0, 'require_rsi_gt': 48.0}"
